date,year,month,day,category,amount,description
2019-01-19,2019,1,19,grocery,48.92,
2019-01-19,2019,1,19,hygiene,22.99,
2019-01-20,2019,1,20,travel,10.0,
2019-01-25,2019,1,25,travel,10.0,
2019-01-27,2019,1,27,grocery,34.64,
2019-01-27,2019,1,27,fuel,30.0,
2019-01-27,2019,1,27,travel,10.0,
2019-01-27,2019,1,27,outings,20.0,
2019-02-01,2019,2,1,grocery,1.85,
2019-02-01,2019,2,1,travel,17.55,
2019-02-03,2019,2,3,travel,18.5,
2019-02-04,2019,2,4,grocery,9.55,
2019-02-05,2019,2,5,grocery,1.85,
2019-02-06,2019,2,6,grocery,7.47,
2019-02-07,2019,2,7,grocery,1.85,
2019-02-08,2019,2,8,grocery,1.85,
2019-02-09,2019,2,9,outings,5.0,
2019-02-10,2019,2,10,grocery,32.36,
2019-02-10,2019,2,10,other,45.96,sapatilhas e meias
2019-02-11,2019,2,11,grocery,2.45,
2019-02-12,2019,2,12,grocery,1.75,
2019-02-13,2019,2,13,grocery,1.75,
2019-02-14,2019,2,14,grocery,1.75,
2019-02-15,2019,2,15,grocery,0.25,
2019-02-15,2019,2,15,fuel,20.0,
2019-02-15,2019,2,15,travel,10.0,
2019-02-15,2019,2,15,outings,1.65,
2019-02-16,2019,2,16,outings,5.3,
2019-02-17,2019,2,17,fuel,40.0,
2019-02-17,2019,2,17,travel,10.0,
2019-02-18,2019,2,18,grocery,1.75,
2019-02-19,2019,2,19,grocery,1.75,
2019-02-20,2019,2,20,grocery,4.4,
2019-02-20,2019,2,20,travel,6.73,
2019-02-20,2019,2,20,other,42.12,hospital+farmácia
2019-02-21,2019,2,21,grocery,0.7,
2019-02-22,2019,2,22,grocery,0.7,
2019-02-23,2019,2,23,grocery,16.5,
2019-02-24,2019,2,24,grocery,24.1,
2019-02-24,2019,2,24,other,7.0,boxers
2019-02-25,2019,2,25,grocery,0.7,
2019-02-26,2019,2,26,grocery,0.7,
2019-02-27,2019,2,27,grocery,1.15,
2019-02-28,2019,2,28,grocery,1.0,
2019-03-01,2019,3,1,grocery,12.0,
2019-03-01,2019,3,1,travel,19.51,
2019-03-01,2019,3,1,outings,7.75,
2019-03-02,2019,3,2,grocery,8.0,
2019-03-02,2019,3,2,fuel,20.0,
2019-03-02,2019,3,2,outings,15.0,
2019-03-02,2019,3,2,other,15.9,fato carnaval garrafa
2019-03-03,2019,3,3,travel,18.5,
2019-03-04,2019,3,4,grocery,0.45,
2019-03-05,2019,3,5,grocery,0.9,
2019-03-06,2019,3,6,grocery,1.4,
2019-03-07,2019,3,7,grocery,0.65,
2019-03-08,2019,3,8,grocery,20.65,
2019-03-08,2019,3,8,outings,3.0,
2019-03-08,2019,3,8,other,20.0,poker
2019-03-09,2019,3,9,grocery,16.55,
2019-03-09,2019,3,9,other,2.25,tuppware
2019-03-10,2019,3,10,outings,2.0,
2019-03-11,2019,3,11,grocery,1.15,
2019-03-11,2019,3,11,fuel,20.0,
2019-03-12,2019,3,12,grocery,0.55,
2019-03-13,2019,3,13,grocery,1.15,
2019-03-13,2019,3,13,other,50.0,dentista
2019-03-14,2019,3,14,grocery,0.7,
2019-03-15,2019,3,15,travel,10.0,
2019-03-15,2019,3,15,outings,3.7,
2019-03-16,2019,3,16,outings,9.7,
2019-03-17,2019,3,17,fuel,40.0,
2019-03-17,2019,3,17,travel,10.0,
2019-03-17,2019,3,17,outings,1.7,
2019-03-18,2019,3,18,grocery,3.6,
2019-03-18,2019,3,18,hygiene,6.0,
2019-03-19,2019,3,19,grocery,1.4,
2019-03-20,2019,3,20,grocery,0.7,
2019-03-21,2019,3,21,grocery,1.4,
2019-03-22,2019,3,22,grocery,1.15,
2019-03-22,2019,3,22,outings,1.0,
2019-03-23,2019,3,23,grocery,8.28,
2019-03-24,2019,3,24,outings,1.3,
2019-03-25,2019,3,25,grocery,9.02,
2019-03-25,2019,3,25,other,3.0,jornal
2019-03-26,2019,3,26,grocery,0.6,
2019-03-26,2019,3,26,other,10.91,futsal
2019-03-27,2019,3,27,grocery,5.24,
2019-03-28,2019,3,28,grocery,0.7,
2019-03-28,2019,3,28,outings,1.0,
2019-03-29,2019,3,29,grocery,6.45,
2019-03-29,2019,3,29,outings,2.4,
2019-03-30,2019,3,30,grocery,0.25,
2019-03-31,2019,3,31,grocery,14.83,
2019-03-31,2019,3,31,hygiene,3.79,
2019-05-01,2019,5,1,outings,2.2,
2019-05-01,2019,5,1,other,4.99,calções
2019-05-02,2019,5,2,grocery,0.7,
2019-05-02,2019,5,2,outings,1.1,
2019-05-03,2019,5,3,grocery,1.65,
2019-05-04,2019,5,4,outings,1.1,
2019-05-04,2019,5,4,other,12.0,raquetes+toalha
2019-05-05,2019,5,5,grocery,4.52,
2019-05-05,2019,5,5,fuel,30.0,
2019-05-05,2019,5,5,travel,5.4,
2019-05-06,2019,5,6,grocery,0.65,
2019-05-07,2019,5,7,grocery,1.15,
2019-05-08,2019,5,8,grocery,0.65,
2019-05-09,2019,5,9,grocery,6.75,
2019-05-10,2019,5,10,grocery,1.65,
2019-05-10,2019,5,10,travel,14.48,
2019-05-10,2019,5,10,outings,35.0,
2019-05-11,2019,5,11,outings,9.0,
2019-05-12,2019,5,12,travel,18.5,
2019-05-13,2019,5,13,grocery,1.45,
2019-05-14,2019,5,14,grocery,4.18,
2019-05-15,2019,5,15,grocery,0.85,
2019-05-15,2019,5,15,other,50.0,dentista
2019-05-16,2019,5,16,grocery,1.35,
2019-05-17,2019,5,17,travel,10.5,
2019-05-17,2019,5,17,outings,1.0,
2019-05-18,2019,5,18,outings,30.0,
2019-05-19,2019,5,19,travel,18.5,
2019-05-20,2019,5,20,grocery,1.15,
2019-05-20,2019,5,20,outings,1.1,
2019-05-21,2019,5,21,grocery,8.22,
2019-05-22,2019,5,22,grocery,0.95,
2019-05-23,2019,5,23,grocery,1.4,
2019-05-24,2019,5,24,grocery,1.85,
2019-05-24,2019,5,24,outings,15.05,
2019-05-24,2019,5,24,other,2.0,braga romana
2019-05-25,2019,5,25,grocery,5.2,
2019-05-25,2019,5,25,hygiene,9.31,
2019-05-26,2019,5,26,grocery,4.04,
2019-05-27,2019,5,27,grocery,0.7,
2019-05-28,2019,5,28,grocery,0.7,
2019-05-29,2019,5,29,grocery,0.7,
2019-05-30,2019,5,30,grocery,0.7,
2019-05-30,2019,5,30,outings,1.1,
2019-05-31,2019,5,31,grocery,0.7,
2019-05-31,2019,5,31,fuel,40.0,
2019-05-31,2019,5,31,outings,32.0,
2019-04-01,2019,4,1,grocery,1.15,
2019-04-01,2019,4,1,other,12.5,futsal
2019-04-02,2019,4,2,grocery,0.7,
2019-04-03,2019,4,3,grocery,1.15,
2019-04-03,2019,4,3,fuel,20.0,
2019-04-05,2019,4,5,travel,19.8,
2019-04-05,2019,4,5,outings,25.0,
2019-04-06,2019,4,6,outings,2.0,
2019-04-07,2019,4,7,travel,18.5,
2019-04-08,2019,4,8,grocery,9.74,
2019-04-09,2019,4,9,grocery,7.8,
2019-04-10,2019,4,10,grocery,2.87,
2019-04-11,2019,4,11,grocery,0.75,
2019-04-11,2019,4,11,outings,13.15,
2019-04-12,2019,4,12,grocery,1.13,
2019-04-13,2019,4,13,grocery,5.95,
2019-04-13,2019,4,13,other,86.96,mc_calças_sapatilha
2019-04-14,2019,4,14,outings,1.0,
2019-04-15,2019,4,15,grocery,0.9,
2019-04-16,2019,4,16,grocery,0.9,
2019-04-17,2019,4,17,grocery,1.15,
2019-04-17,2019,4,17,fuel,40.0,
2019-04-17,2019,4,17,other,50.0,dentista
2019-04-18,2019,4,18,grocery,7.1,
2019-04-18,2019,4,18,outings,2.0,
2019-04-19,2019,4,19,travel,10.0,
2019-04-19,2019,4,19,outings,6.7,
2019-04-20,2019,4,20,outings,6.7,
2019-04-21,2019,4,21,outings,9.0,
2019-04-22,2019,4,22,outings,2.7,
2019-04-23,2019,4,23,outings,2.7,
2019-04-24,2019,4,24,grocery,15.5,
2019-04-24,2019,4,24,outings,64.5,
2019-04-25,2019,4,25,fuel,40.0,
2019-04-25,2019,4,25,outings,8.4,
2019-04-26,2019,4,26,outings,1.7,
2019-04-27,2019,4,27,grocery,4.5,
2019-04-27,2019,4,27,outings,1.7,
2019-04-28,2019,4,28,travel,10.0,
2019-04-28,2019,4,28,outings,1.2,
2019-04-29,2019,4,29,grocery,12.4,
2019-04-30,2019,4,30,grocery,11.5,
2019-06-02,2019,6,2,grocery,11.51,
2019-06-02,2019,6,2,hygiene,0.59,
2019-06-02,2019,6,2,other,2.76,cola
2019-06-03,2019,6,3,grocery,1.0,
2019-06-03,2019,6,3,outings,13.61,
2019-06-03,2019,6,3,other,22.49,taberna belga  prozis
2019-06-04,2019,6,4,grocery,0.7,
2019-06-05,2019,6,5,grocery,0.7,
2019-06-05,2019,6,5,outings,2.0,
2019-06-06,2019,6,6,grocery,0.7,
2019-06-07,2019,6,7,grocery,0.7,
2019-06-07,2019,6,7,travel,10.0,
2019-06-07,2019,6,7,outings,10.65,
2019-06-08,2019,6,8,outings,36.8,
2019-06-08,2019,6,8,other,20.0,figueira+anos jonhy+fisio
2019-06-09,2019,6,9,outings,5.8,
2019-06-10,2019,6,10,fuel,50.0,
2019-06-10,2019,6,10,travel,10.0,
2019-06-10,2019,6,10,outings,1.3,
2019-06-10,2019,6,10,other,4.5,lavar carro
2019-06-11,2019,6,11,grocery,5.03,
2019-06-12,2019,6,12,grocery,1.15,
2019-06-13,2019,6,13,grocery,1.15,
2019-06-14,2019,6,14,grocery,1.4,
2019-06-14,2019,6,14,outings,6.55,
2019-06-15,2019,6,15,grocery,1.4,
2019-06-17,2019,6,17,grocery,1.4,
2019-06-18,2019,6,18,grocery,1.4,
2019-06-19,2019,6,19,grocery,1.4,
2019-06-19,2019,6,19,travel,9.8,
2019-06-19,2019,6,19,other,50.0,dentista
2019-06-20,2019,6,20,outings,3.4,
2019-06-21,2019,6,21,outings,13.4,
2019-06-21,2019,6,21,other,20.0,clizone
2019-06-22,2019,6,22,grocery,4.5,
2019-06-22,2019,6,22,outings,25.0,
2019-06-23,2019,6,23,outings,30.0,
2019-06-23,2019,6,23,other,93.0,relogio
2019-06-24,2019,6,24,travel,18.5,
2019-06-25,2019,6,25,grocery,6.82,
2019-06-25,2019,6,25,other,6.2,acessorios relogio
2019-06-26,2019,6,26,grocery,1.4,
2019-06-27,2019,6,27,grocery,1.4,
2019-06-28,2019,6,28,grocery,1.4,
2019-06-28,2019,6,28,outings,11.0,
2019-06-29,2019,6,29,grocery,20.29,
2019-07-01,2019,7,1,grocery,0.25,
2019-07-01,2019,7,1,outings,1.1,
2019-07-02,2019,7,2,grocery,1.4,
2019-07-03,2019,7,3,grocery,1.4,
2019-07-04,2019,7,4,grocery,1.4,
2019-07-04,2019,7,4,outings,25.0,
2019-07-05,2019,7,5,grocery,1.4,
2019-07-06,2019,7,6,other,105.0,casaco+calçoes
2019-07-07,2019,7,7,grocery,3.75,
2019-07-07,2019,7,7,hygiene,9.35,
2019-07-08,2019,7,8,grocery,1.85,
2019-07-09,2019,7,9,grocery,1.4,
2019-07-10,2019,7,10,grocery,2.2,
2019-07-11,2019,7,11,grocery,2.3,
2019-07-11,2019,7,11,fuel,20.0,
2019-07-12,2019,7,12,grocery,7.95,
2019-07-12,2019,7,12,travel,10.0,
2019-07-12,2019,7,12,outings,4.0,
2019-07-13,2019,7,13,outings,13.0,
2019-07-14,2019,7,14,fuel,30.0,
2019-07-14,2019,7,14,travel,10.0,
2019-07-15,2019,7,15,grocery,2.1,
2019-07-16,2019,7,16,grocery,11.97,
2019-07-16,2019,7,16,hygiene,1.95,
2019-07-16,2019,7,16,other,3.99,liq carro+vassoura
2019-07-17,2019,7,17,grocery,1.4,
2019-07-17,2019,7,17,other,50.0,dentista
2019-07-18,2019,7,18,grocery,1.4,
2019-07-19,2019,7,19,grocery,1.4,
2019-07-19,2019,7,19,outings,33.5,
2019-07-20,2019,7,20,grocery,13.92,
2019-07-20,2019,7,20,fuel,16.0,
2019-07-20,2019,7,20,outings,2.8,
2019-07-21,2019,7,21,outings,20.0,
2019-07-21,2019,7,21,other,2.2,bo-zen + piscina
2019-07-22,2019,7,22,grocery,2.1,
2019-07-23,2019,7,23,grocery,2.55,
2019-07-24,2019,7,24,grocery,2.1,
2019-07-26,2019,7,26,travel,10.5,
2019-07-26,2019,7,26,outings,17.0,
2019-07-27,2019,7,27,outings,34.0,
2019-07-28,2019,7,28,travel,17.7,
2019-07-29,2019,7,29,grocery,2.3,
2019-07-29,2019,7,29,outings,4.0,
2019-07-30,2019,7,30,grocery,1.85,
2019-07-31,2019,7,31,grocery,1.85,
2019-08-01,2019,8,1,grocery,2.1,
2019-08-02,2019,8,2,grocery,8.4,
2019-08-02,2019,8,2,fuel,20.0,
2019-08-02,2019,8,2,travel,10.0,
2019-08-02,2019,8,2,outings,10.0,
2019-08-03,2019,8,3,grocery,2.2,
2019-08-03,2019,8,3,outings,17.0,
2019-08-04,2019,8,4,grocery,2.0,
2019-08-04,2019,8,4,fuel,15.0,
2019-08-05,2019,8,5,grocery,2.3,
2019-08-06,2019,8,6,grocery,1.4,
2019-08-07,2019,8,7,grocery,1.4,
2019-08-08,2019,8,8,grocery,1.4,
2019-08-09,2019,8,9,grocery,7.95,
2019-08-09,2019,8,9,fuel,40.0,
2019-08-09,2019,8,9,travel,10.0,
2019-08-09,2019,8,9,outings,2.0,
2019-08-10,2019,8,10,grocery,24.0,
2019-08-11,2019,8,11,grocery,5.0,
2019-08-11,2019,8,11,outings,42.0,
2019-08-12,2019,8,12,grocery,13.0,
2019-08-14,2019,8,14,outings,60.0,
2019-08-14,2019,8,14,other,350.0,aparelho
2019-08-15,2019,8,15,outings,30.0,
2019-08-17,2019,8,17,grocery,6.5,
2019-08-18,2019,8,18,other,214.5,casa
2019-08-19,2019,8,19,grocery,1.9,
2019-08-19,2019,8,19,outings,7.0,
2019-08-19,2019,8,19,other,7.0,
2019-08-20,2019,8,20,grocery,2.9,
2019-08-21,2019,8,21,outings,3.3,
2019-08-22,2019,8,22,grocery,1.9,
2019-08-23,2019,8,23,grocery,1.9,
2019-08-23,2019,8,23,outings,20.0,
2019-08-24,2019,8,24,grocery,2.0,
2019-08-24,2019,8,24,outings,3.0,
2019-08-25,2019,8,25,travel,10.0,
2019-08-25,2019,8,25,outings,1.0,
2019-08-26,2019,8,26,grocery,15.87,
2019-08-26,2019,8,26,other,6.0,
2019-08-27,2019,8,27,grocery,1.6,
2019-08-28,2019,8,28,grocery,1.6,
2019-08-29,2019,8,29,grocery,1.6,
2019-08-30,2019,8,30,grocery,1.6,
2019-08-31,2019,8,31,grocery,36.0,
2019-08-31,2019,8,31,travel,2.0,
2019-08-31,2019,8,31,outings,24.0,
2019-09-02,2019,9,2,grocery,2.1,
2019-09-03,2019,9,3,grocery,2.1,
2019-09-04,2019,9,4,grocery,1.4,
2019-09-05,2019,9,5,grocery,1.4,
2019-09-06,2019,9,6,grocery,6.4,
2019-09-06,2019,9,6,outings,42.0,
2019-09-07,2019,9,7,grocery,7.0,
2019-09-07,2019,9,7,outings,5.0,
2019-09-09,2019,9,9,grocery,20.82,
2019-09-10,2019,9,10,grocery,1.4,
2019-09-11,2019,9,11,grocery,2.89,
2019-09-11,2019,9,11,other,50.0,dentista
2019-09-12,2019,9,12,grocery,14.5,
2019-09-12,2019,9,12,fuel,15.0,
2019-09-12,2019,9,12,outings,1.5,
2019-09-13,2019,9,13,grocery,1.4,
2019-09-13,2019,9,13,travel,9.8,
2019-09-13,2019,9,13,outings,4.0,
2019-09-14,2019,9,14,outings,40.0,
2019-09-15,2019,9,15,grocery,0.8,
2019-09-15,2019,9,15,travel,17.7,
2019-09-16,2019,9,16,grocery,3.34,
2019-09-16,2019,9,16,hygiene,3.29,
2019-09-17,2019,9,17,grocery,2.1,
2019-09-18,2019,9,18,grocery,2.1,
2019-09-19,2019,9,19,grocery,2.1,
2019-09-19,2019,9,19,other,30.0,consulta joelho
2019-09-20,2019,9,20,grocery,8.05,
2019-09-20,2019,9,20,outings,6.0,
2019-09-22,2019,9,22,grocery,28.72,
2019-09-22,2019,9,22,hygiene,10.87,
2019-09-23,2019,9,23,grocery,1.4,
2019-09-24,2019,9,24,grocery,1.4,
2019-09-24,2019,9,24,other,10.0,trotinetes
2019-09-25,2019,9,25,grocery,1.4,
2019-09-26,2019,9,26,grocery,1.4,
2019-09-27,2019,9,27,grocery,8.35,
2019-09-27,2019,9,27,outings,2.0,
2019-09-28,2019,9,28,grocery,9.5,
2019-09-28,2019,9,28,outings,6.0,
2019-09-29,2019,9,29,grocery,1.92,
2019-09-29,2019,9,29,outings,3.0,
2019-09-30,2019,9,30,grocery,1.4,
2019-10-01,2019,10,1,grocery,1.4,
2019-10-02,2019,10,2,grocery,2.4,
2019-10-02,2019,10,2,fuel,15.0,
2019-10-02,2019,10,2,outings,6.0,
2019-10-03,2019,10,3,grocery,1.65,
2019-10-03,2019,10,3,travel,10.0,
2019-10-03,2019,10,3,outings,1.0,
2019-10-04,2019,10,4,grocery,2.0,
2019-10-04,2019,10,4,hygiene,6.0,
2019-10-04,2019,10,4,outings,9.3,
2019-10-05,2019,10,5,grocery,2.4,
2019-10-05,2019,10,5,outings,5.5,
2019-10-06,2019,10,6,fuel,30.0,
2019-10-06,2019,10,6,outings,1.9,
2019-10-07,2019,10,7,grocery,1.4,
2019-10-07,2019,10,7,other,36.59,prozis; gearbest
2019-10-08,2019,10,8,grocery,8.5,
2019-10-09,2019,10,9,grocery,1.4,
2019-10-09,2019,10,9,other,67.5,telemovel+sapatilhas
2019-10-10,2019,10,10,grocery,4.7,
2019-10-10,2019,10,10,outings,1.2,
2019-10-10,2019,10,10,other,2.5,
2019-10-11,2019,10,11,grocery,1.4,
2019-10-11,2019,10,11,outings,37.1,
2019-10-13,2019,10,13,grocery,30.76,
2019-10-13,2019,10,13,hygiene,2.9,
2019-10-13,2019,10,13,outings,4.3,
2019-10-14,2019,10,14,grocery,2.1,
2019-10-15,2019,10,15,grocery,1.4,
2019-10-16,2019,10,16,grocery,1.4,
2019-10-16,2019,10,16,outings,5.0,
2019-10-17,2019,10,17,grocery,1.4,
2019-10-17,2019,10,17,other,45.0,consulta+medic
2019-10-18,2019,10,18,grocery,1.4,
2019-10-18,2019,10,18,fuel,30.0,
2019-10-18,2019,10,18,travel,10.0,
2019-10-18,2019,10,18,outings,18.3,
2019-10-19,2019,10,19,outings,4.5,
2019-10-21,2019,10,21,grocery,1.4,
2019-10-22,2019,10,22,grocery,1.4,
2019-10-23,2019,10,23,grocery,1.4,
2019-10-23,2019,10,23,other,50.0,dentista
2019-10-24,2019,10,24,grocery,16.4,
2019-10-25,2019,10,25,grocery,8.5,
2019-10-25,2019,10,25,fuel,15.0,
2019-10-25,2019,10,25,outings,2.0,
2019-10-26,2019,10,26,grocery,10.0,
2019-10-26,2019,10,26,travel,6.6,
2019-10-26,2019,10,26,outings,18.5,
2019-10-27,2019,10,27,grocery,7.5,
2019-10-28,2019,10,28,grocery,1.4,
2019-10-29,2019,10,29,grocery,1.4,
2019-10-30,2019,10,30,grocery,1.4,
2019-10-30,2019,10,30,other,8.6,disfarce hallowen
2019-10-31,2019,10,31,grocery,1.4,
2019-10-31,2019,10,31,travel,10.0,
2019-10-31,2019,10,31,outings,8.0,
2019-11-01,2019,11,1,outings,5.0,
2019-11-02,2019,11,2,outings,1.2,
2019-11-03,2019,11,3,fuel,20.0,
2019-11-03,2019,11,3,other,76.49,fifa+comando
2019-11-04,2019,11,4,grocery,1.4,
2019-11-04,2019,11,4,other,11.75,futsal
2019-11-05,2019,11,5,grocery,2.15,
2019-11-05,2019,11,5,other,17.0,consulta
2019-11-06,2019,11,6,grocery,4.3,
2019-11-07,2019,11,7,grocery,2.15,
2019-11-07,2019,11,7,other,27.5,tac
2019-11-08,2019,11,8,grocery,8.15,
2019-11-08,2019,11,8,outings,3.0,
2019-11-09,2019,11,9,grocery,23.21,
2019-11-11,2019,11,11,grocery,1.4,
2019-11-12,2019,11,12,grocery,1.4,
2019-11-12,2019,11,12,other,15.0,consulta
2019-11-13,2019,11,13,grocery,1.4,
2019-11-14,2019,11,14,grocery,1.4,
2019-11-15,2019,11,15,grocery,8.4,
2019-11-15,2019,11,15,outings,5.0,
2019-11-16,2019,11,16,grocery,23.0,
2019-11-16,2019,11,16,outings,22.0,
2019-11-16,2019,11,16,other,40.0,roupa+prenda
2019-11-18,2019,11,18,grocery,1.4,
2019-11-19,2019,11,19,grocery,2.05,
2019-11-20,2019,11,20,grocery,2.05,
2019-11-20,2019,11,20,other,50.0,dentista
2019-11-21,2019,11,21,grocery,2.05,
2019-11-21,2019,11,21,fuel,20.0,
2019-11-21,2019,11,21,travel,10.0,
2019-11-23,2019,11,23,outings,53.7,
2019-11-23,2019,11,23,other,31.0,inspcção
2019-11-24,2019,11,24,fuel,20.0,
2019-11-24,2019,11,24,travel,10.0,
2019-11-25,2019,11,25,grocery,2.05,
2019-11-25,2019,11,25,other,45.0,ps4 plus
2019-11-26,2019,11,26,grocery,2.05,
2019-11-27,2019,11,27,grocery,2.05,
2019-11-28,2019,11,28,grocery,0.9,
2019-11-29,2019,11,29,grocery,0.9,
2019-11-29,2019,11,29,outings,1.0,
2019-11-29,2019,11,29,other,20.0,gorro
2019-11-30,2019,11,30,grocery,12.5,
2019-12-01,2019,12,1,grocery,15.0,
2019-12-02,2019,12,2,grocery,1.4,
2019-12-03,2019,12,3,grocery,1.4,
2019-12-04,2019,12,4,grocery,1.4,
2019-12-05,2019,12,5,grocery,1.4,
2019-12-06,2019,12,6,grocery,1.4,
2019-12-06,2019,12,6,travel,18.3,
2019-12-07,2019,12,7,other,9.0,v.porto
2019-12-08,2019,12,8,travel,17.7,
2019-12-09,2019,12,9,grocery,1.4,
2019-12-10,2019,12,10,grocery,1.4,
2019-12-11,2019,12,11,grocery,1.4,
2019-12-12,2019,12,12,grocery,8.65,
2019-12-13,2019,12,13,grocery,3.0,
2019-12-13,2019,12,13,travel,3.5,
2019-12-13,2019,12,13,outings,22.0,
2019-12-14,2019,12,14,grocery,27.9,
2019-12-15,2019,12,15,grocery,3.4,
2019-12-16,2019,12,16,grocery,2.1,
2019-12-17,2019,12,17,grocery,1.4,
2019-12-18,2019,12,18,grocery,8.4,
2019-12-18,2019,12,18,other,50.0,pizza+dentista
2019-12-19,2019,12,19,grocery,1.4,
2019-12-19,2019,12,19,outings,3.0,
2019-12-20,2019,12,20,grocery,1.4,
2019-12-20,2019,12,20,other,78.75,prendas+camisola
2019-12-21,2019,12,21,travel,10.0,
2019-12-21,2019,12,21,other,56.0,airpods
2019-12-22,2019,12,22,fuel,20.0,
2019-12-22,2019,12,22,outings,2.7,
2019-12-23,2019,12,23,grocery,3.0,
2019-12-23,2019,12,23,outings,5.0,
2019-12-23,2019,12,23,other,90.0,casaco
2019-12-24,2019,12,24,outings,3.0,
2019-12-25,2019,12,25,outings,4.0,
2019-12-26,2019,12,26,grocery,3.0,
2019-12-26,2019,12,26,travel,30.0,
2019-12-26,2019,12,26,outings,2.0,
2019-12-27,2019,12,27,outings,2.0,
2019-12-28,2019,12,28,outings,3.0,
2019-12-29,2019,12,29,outings,3.0,
2019-12-30,2019,12,30,outings,2.0,
2019-12-31,2019,12,31,grocery,11.08,
2019-12-31,2019,12,31,outings,95.0,
2019-12-31,2019,12,31,other,35.0,
2020-01-02,2020,1,2,outings,3.0,
2020-01-03,2020,1,3,outings,3.0,
2020-01-04,2020,1,4,outings,5.9,
2020-01-05,2020,1,5,fuel,30.0,
2020-01-05,2020,1,5,travel,10.0,
2020-01-06,2020,1,6,grocery,5.0,
2020-01-06,2020,1,6,eating_out,1.4,
2020-01-08,2020,1,8,eating_out,0.6,
2020-01-08,2020,1,8,other,18.42,futsal+lampadas
2020-01-09,2020,1,9,eating_out,1.45,
2020-01-09,2020,1,9,other,8.5,joelheira
2020-01-10,2020,1,10,eating_out,0.45,
2020-01-10,2020,1,10,outings,3.0,
2020-01-11,2020,1,11,grocery,36.18,
2020-01-11,2020,1,11,outings,3.0,
2020-01-11,2020,1,11,other,16.99,higiene
2020-01-12,2020,1,12,other,13.0,ventilador
2020-01-13,2020,1,13,eating_out,0.45,
2020-01-14,2020,1,14,grocery,4.8,
2020-01-14,2020,1,14,eating_out,0.8,
2020-01-15,2020,1,15,eating_out,0.7,
2020-01-15,2020,1,15,other,50.0,dentista
2020-01-16,2020,1,16,eating_out,1.15,
2020-01-17,2020,1,17,eating_out,7.75,
2020-01-17,2020,1,17,outings,12.5,
2020-01-19,2020,1,19,grocery,23.0,
2020-01-19,2020,1,19,other,44.0,camisa
2020-01-20,2020,1,20,eating_out,0.7,
2020-01-21,2020,1,21,eating_out,0.8,
2020-01-21,2020,1,21,fuel,40.0,
2020-01-21,2020,1,21,other,38.25,consulta+farmacia
2020-01-22,2020,1,22,eating_out,0.45,
2020-01-22,2020,1,22,outings,10.0,
2020-01-23,2020,1,23,eating_out,0.25,
2020-01-24,2020,1,24,eating_out,17.5,
2020-01-24,2020,1,24,outings,5.5,
2020-01-25,2020,1,25,eating_out,6.2,
2020-01-25,2020,1,25,outings,12.1,
2020-01-27,2020,1,27,grocery,6.41,
2020-01-27,2020,1,27,eating_out,0.7,
2020-01-27,2020,1,27,other,18.17,eco+higien
2020-01-28,2020,1,28,eating_out,0.6,
2020-01-29,2020,1,29,eating_out,0.6,
2020-01-30,2020,1,30,eating_out,0.6,
2020-01-31,2020,1,31,eating_out,111.5,
2020-02-01,2020,2,1,grocery,48.74,
2020-02-01,2020,2,1,outings,6.4,
2020-02-03,2020,2,3,eating_out,0.7,
2020-02-04,2020,2,4,eating_out,0.7,
2020-02-04,2020,2,4,other,30.0,consulta
2020-02-05,2020,2,5,eating_out,0.7,
2020-02-05,2020,2,5,outings,2.0,
2020-02-06,2020,2,6,grocery,1.5,
2020-02-06,2020,2,6,eating_out,0.7,
2020-02-06,2020,2,6,other,74.25,dermo+famacia
2020-02-07,2020,2,7,eating_out,0.7,
2020-02-07,2020,2,7,travel,13.75,
2020-02-07,2020,2,7,outings,3.7,
2020-02-08,2020,2,8,eating_out,24.0,
2020-02-08,2020,2,8,outings,2.9,
2020-02-09,2020,2,9,travel,16.0,
2020-02-10,2020,2,10,eating_out,0.7,
2020-02-11,2020,2,11,eating_out,0.7,
2020-02-12,2020,2,12,eating_out,1.3,
2020-02-12,2020,2,12,outings,23.5,
2020-02-12,2020,2,12,other,50.0,dentista
2020-02-13,2020,2,13,eating_out,1.3,
2020-02-14,2020,2,14,eating_out,0.7,
2020-02-15,2020,2,15,outings,17.0,
2020-02-16,2020,2,16,grocery,57.0,
2020-02-17,2020,2,17,eating_out,0.7,
2020-02-18,2020,2,18,eating_out,0.45,
2020-02-18,2020,2,18,other,86.0,consulta+sacoor
2020-02-19,2020,2,19,eating_out,1.35,
2020-02-19,2020,2,19,other,174.56,seguro carro
2020-02-20,2020,2,20,eating_out,8.8,
2020-02-21,2020,2,21,eating_out,4.7,
2020-02-21,2020,2,21,outings,2.0,
2020-02-22,2020,2,22,outings,3.0,
2020-02-24,2020,2,24,eating_out,0.7,
2020-02-25,2020,2,25,eating_out,7.3,
2020-02-25,2020,2,25,outings,62.0,
2020-02-26,2020,2,26,fuel,30.0,
2020-02-28,2020,2,28,travel,10.0,
2020-02-28,2020,2,28,outings,3.7,
2020-02-29,2020,2,29,other,15.0,G12
2020-03-02,2020,3,2,fuel,20.0,
2020-03-02,2020,3,2,travel,10.0,
2020-03-03,2020,3,3,eating_out,0.6,
2020-03-03,2020,3,3,other,40.8,analises
2020-03-04,2020,3,4,eating_out,1.3,
2020-03-05,2020,3,5,grocery,3.6,
2020-03-05,2020,3,5,eating_out,0.45,
2020-03-06,2020,3,6,eating_out,8.8,
2020-03-06,2020,3,6,outings,2.0,
2020-03-07,2020,3,7,grocery,35.0,
2020-03-07,2020,3,7,other,27.5,tac
2020-03-09,2020,3,9,grocery,2.0,
2020-03-09,2020,3,9,eating_out,1.0,
2020-03-10,2020,3,10,eating_out,1.0,
2020-03-11,2020,3,11,eating_out,1.8,
2020-03-11,2020,3,11,fuel,30.0,
2020-03-11,2020,3,11,other,12.3,futsal
2020-03-12,2020,3,12,grocery,7.5,
2020-03-12,2020,3,12,eating_out,0.45,
2020-03-13,2020,3,13,eating_out,0.45,
2020-03-14,2020,3,14,grocery,9.0,
2020-03-14,2020,3,14,other,12.0,jg ps4
2020-03-15,2020,3,15,grocery,69.71,
2020-03-15,2020,3,15,other,28.09,
2020-03-19,2020,3,19,other,32.38,prozis
2020-03-20,2020,3,20,other,45.0,consulta
2020-03-22,2020,3,22,grocery,20.77,
2020-03-22,2020,3,22,other,1.74,
2020-03-28,2020,3,28,travel,10.0,
2020-04-13,2020,4,13,fuel,30.0,
2020-04-13,2020,4,13,travel,10.0,
2020-04-14,2020,4,14,grocery,17.5,
2020-04-15,2020,4,15,other,17.0,tekken ps4
2020-04-17,2020,4,17,other,999.0,pc
2020-04-18,2020,4,18,eating_out,17.5,
2020-04-20,2020,4,20,other,5.0,windows
2020-04-23,2020,4,23,grocery,70.0,
2020-04-25,2020,4,25,eating_out,5.4,
2020-04-27,2020,4,27,other,32.0,prozis
2020-05-02,2020,5,2,grocery,17.1,
2020-05-06,2020,5,6,grocery,6.8,
2020-05-08,2020,5,8,fuel,30.0,
2020-05-09,2020,5,9,travel,10.0,
2020-05-09,2020,5,9,other,730.0,iphone
2020-05-15,2020,5,15,eating_out,8.6,
2020-05-16,2020,5,16,travel,10.0,
2020-05-16,2020,5,16,outings,20.0,
2020-05-19,2020,5,19,fuel,20.0,
2020-05-21,2020,5,21,grocery,3.0,
2020-05-21,2020,5,21,other,30.0,piscina
2020-05-23,2020,5,23,grocery,19.0,
2020-05-23,2020,5,23,eating_out,13.0,
2020-05-23,2020,5,23,other,22.0,extensor ethernet
2020-05-29,2020,5,29,outings,3.0,
2020-06-01,2020,6,1,outings,1.9,
2020-06-02,2020,6,2,fuel,40.0,
2020-06-02,2020,6,2,outings,3.7,
2020-06-05,2020,6,5,outings,3.7,
2020-06-06,2020,6,6,outings,2.7,
2020-06-07,2020,6,7,travel,10.0,
2020-06-09,2020,6,9,outings,3.0,
2020-06-10,2020,6,10,grocery,51.4,
2020-06-10,2020,6,10,other,3.0,
2020-06-12,2020,6,12,grocery,6.6,
2020-06-13,2020,6,13,grocery,8.22,
2020-06-13,2020,6,13,other,23.0,capas ebay+ the witcher
2020-06-17,2020,6,17,grocery,0.41,
2020-06-18,2020,6,18,outings,2.0,
2020-06-19,2020,6,19,eating_out,6.7,
2020-06-20,2020,6,20,outings,4.0,
2020-06-21,2020,6,21,outings,4.0,
2020-06-22,2020,6,22,grocery,28.09,
2020-06-25,2020,6,25,fuel,20.0,
2020-06-25,2020,6,25,travel,10.0,
2020-06-25,2020,6,25,outings,4.7,
2020-06-26,2020,6,26,outings,10.0,
2020-06-27,2020,6,27,eating_out,5.5,
2020-06-27,2020,6,27,fuel,10.0,
2020-06-27,2020,6,27,travel,10.0,
2020-06-27,2020,6,27,outings,4.0,
2020-06-28,2020,6,28,other,26.89,cartao jovem+jogo steam+bilhete comboio
2020-06-29,2020,6,29,grocery,9.2,
2020-06-29,2020,6,29,eating_out,1.2,
2020-06-30,2020,6,30,eating_out,0.45,
2020-06-30,2020,6,30,other,20.0,prozis
2020-07-01,2020,7,1,eating_out,0.45,
2020-07-02,2020,7,2,eating_out,0.45,
2020-07-03,2020,7,3,eating_out,0.45,
2020-07-04,2020,7,4,grocery,35.17,
2020-07-04,2020,7,4,other,12.9,PC 2
2020-07-06,2020,7,6,eating_out,0.45,
2020-07-07,2020,7,7,eating_out,0.45,
2020-07-08,2020,7,8,eating_out,0.45,
2020-07-09,2020,7,9,eating_out,0.45,
2020-07-09,2020,7,9,travel,8.5,
2020-07-10,2020,7,10,eating_out,32.0,
2020-07-10,2020,7,10,outings,1.2,
2020-07-10,2020,7,10,other,30.0,casaco e c3
2020-07-12,2020,7,12,travel,13.5,
2020-07-12,2020,7,12,outings,1.7,
2020-07-13,2020,7,13,eating_out,0.45,
2020-07-14,2020,7,14,eating_out,0.45,
2020-07-14,2020,7,14,other,115.5,oculos
2020-07-15,2020,7,15,grocery,21.67,
2020-07-15,2020,7,15,eating_out,0.25,
2020-07-15,2020,7,15,fuel,30.0,
2020-07-16,2020,7,16,eating_out,0.25,
2020-07-17,2020,7,17,eating_out,8.9,
2020-07-19,2020,7,19,eating_out,16.0,
2020-07-20,2020,7,20,eating_out,0.5,
2020-07-21,2020,7,21,eating_out,0.5,
2020-07-22,2020,7,22,grocery,12.0,
2020-07-22,2020,7,22,eating_out,0.5,
2020-07-23,2020,7,23,eating_out,18.0,
2020-07-23,2020,7,23,outings,5.0,
2020-07-24,2020,7,24,eating_out,0.5,
2020-07-25,2020,7,25,eating_out,19.5,
2020-07-25,2020,7,25,travel,1.7,
2020-07-26,2020,7,26,eating_out,14.3,
2020-07-27,2020,7,27,eating_out,0.5,
2020-07-28,2020,7,28,eating_out,0.5,
2020-07-29,2020,7,29,eating_out,0.5,
2020-07-30,2020,7,30,eating_out,0.5,
2020-07-31,2020,7,31,eating_out,0.5,
2020-08-01,2020,8,1,eating_out,10.0,
2020-08-02,2020,8,2,eating_out,25.3,
2020-08-03,2020,8,3,eating_out,30.0,
2020-08-04,2020,8,4,eating_out,46.1,
2020-08-04,2020,8,4,travel,10.0,
2020-08-05,2020,8,5,travel,10.0,
2020-08-06,2020,8,6,eating_out,1.2,
2020-08-06,2020,8,6,outings,1.5,
2020-08-07,2020,8,7,eating_out,18.5,
2020-08-07,2020,8,7,fuel,20.0,
2020-08-07,2020,8,7,outings,4.5,
2020-08-08,2020,8,8,outings,5.0,
2020-08-10,2020,8,10,eating_out,14.3,
2020-08-10,2020,8,10,outings,5.4,
2020-08-11,2020,8,11,eating_out,3.0,
2020-08-11,2020,8,11,outings,2.7,
2020-08-12,2020,8,12,travel,4.0,
2020-08-13,2020,8,13,outings,2.0,
2020-08-14,2020,8,14,fuel,20.0,
2020-08-14,2020,8,14,outings,2.0,
2020-08-16,2020,8,16,travel,10.0,
2020-08-17,2020,8,17,grocery,42.67,
2020-08-17,2020,8,17,eating_out,0.5,
2020-08-18,2020,8,18,eating_out,0.5,
2020-08-19,2020,8,19,eating_out,0.5,
2020-08-20,2020,8,20,eating_out,0.5,
2020-08-21,2020,8,21,eating_out,0.5,
2020-08-23,2020,8,23,grocery,5.0,
2020-08-24,2020,8,24,eating_out,0.5,
2020-08-25,2020,8,25,eating_out,20.28,
2020-08-25,2020,8,25,fuel,30.0,
2020-08-25,2020,8,25,outings,3.0,
2020-08-26,2020,8,26,grocery,28.23,
2020-08-26,2020,8,26,eating_out,0.5,
2020-08-27,2020,8,27,eating_out,0.5,
2020-08-28,2020,8,28,eating_out,0.5,
2020-08-29,2020,8,29,eating_out,20.0,
2020-08-30,2020,8,30,eating_out,20.0,
2020-08-31,2020,8,31,eating_out,0.5,
2020-09-01,2020,9,1,eating_out,0.5,
2020-09-02,2020,9,2,eating_out,1.5,
2020-09-02,2020,9,2,other,38.0,perfume
2020-09-03,2020,9,3,eating_out,15.0,
2020-09-03,2020,9,3,outings,5.0,
2020-09-04,2020,9,4,grocery,20.0,
2020-09-05,2020,9,5,grocery,4.0,
2020-09-05,2020,9,5,other,55.0,m.barbear
2020-09-06,2020,9,6,travel,5.4,
2020-09-07,2020,9,7,eating_out,0.5,
2020-09-08,2020,9,8,eating_out,0.5,
2020-09-09,2020,9,9,eating_out,0.5,
2020-09-10,2020,9,10,eating_out,0.5,
2020-09-11,2020,9,11,eating_out,1.0,
2020-09-12,2020,9,12,grocery,5.5,
2020-09-12,2020,9,12,eating_out,6.5,
2020-09-12,2020,9,12,travel,51.0,
2020-09-12,2020,9,12,other,5.0,
2020-09-14,2020,9,14,grocery,22.0,
2020-09-14,2020,9,14,fuel,40.0,
2020-09-15,2020,9,15,eating_out,9.3,
2020-09-15,2020,9,15,other,7.95,tab
2020-09-16,2020,9,16,other,50.0,dentista
2020-09-17,2020,9,17,eating_out,30.0,
2020-09-18,2020,9,18,eating_out,2.0,
2020-09-18,2020,9,18,travel,5.0,
2020-09-19,2020,9,19,eating_out,20.0,
2020-09-19,2020,9,19,travel,5.0,
2020-09-20,2020,9,20,travel,16.0,
2020-09-21,2020,9,21,eating_out,0.5,
2020-09-22,2020,9,22,eating_out,0.5,
2020-09-23,2020,9,23,eating_out,0.5,
2020-09-24,2020,9,24,eating_out,0.5,
2020-09-25,2020,9,25,travel,13.75,
2020-09-25,2020,9,25,outings,5.0,
2020-09-26,2020,9,26,eating_out,35.0,
2020-09-26,2020,9,26,outings,10.0,
2020-09-27,2020,9,27,travel,13.5,
2020-09-28,2020,9,28,eating_out,1.0,
2020-09-29,2020,9,29,eating_out,1.0,
2020-09-30,2020,9,30,eating_out,1.0,
2020-10-01,2020,10,1,eating_out,1.0,
2020-10-01,2020,10,1,other,87.5,casaco
2020-10-02,2020,10,2,eating_out,40.54,
2020-10-05,2020,10,5,eating_out,1.0,
2020-10-06,2020,10,6,eating_out,1.0,
2020-10-07,2020,10,7,eating_out,1.0,
2020-10-08,2020,10,8,eating_out,1.99,
2020-10-09,2020,10,9,eating_out,0.5,
2020-10-10,2020,10,10,grocery,25.0,
2020-10-12,2020,10,12,eating_out,0.5,
2020-10-13,2020,10,13,eating_out,0.5,
2020-10-14,2020,10,14,eating_out,0.5,
2020-10-14,2020,10,14,other,50.0,dentista
2020-10-15,2020,10,15,eating_out,0.5,
2020-10-15,2020,10,15,other,16.5,olheiras+tabaco
2020-10-16,2020,10,16,eating_out,0.5,
2020-10-16,2020,10,16,travel,13.75,
2020-10-16,2020,10,16,outings,5.0,
2020-10-17,2020,10,17,eating_out,20.0,
2020-10-17,2020,10,17,outings,3.0,
2020-10-18,2020,10,18,travel,13.0,
2020-10-18,2020,10,18,outings,2.0,
2020-10-19,2020,10,19,eating_out,1.25,
2020-10-20,2020,10,20,grocery,7.0,
2020-10-20,2020,10,20,eating_out,1.0,
2020-10-21,2020,10,21,eating_out,0.5,
2020-10-22,2020,10,22,eating_out,0.5,
2020-10-23,2020,10,23,eating_out,0.25,
2020-10-24,2020,10,24,eating_out,20.0,
2020-10-24,2020,10,24,outings,15.0,
2020-10-25,2020,10,25,eating_out,13.0,
2020-10-26,2020,10,26,eating_out,0.5,
2020-10-26,2020,10,26,other,63.0,
2020-10-27,2020,10,27,eating_out,0.5,
2020-10-28,2020,10,28,eating_out,0.5,
2020-10-29,2020,10,29,eating_out,0.5,
2020-10-30,2020,10,30,eating_out,0.5,
2020-11-01,2020,11,1,grocery,22.54,
2020-11-01,2020,11,1,other,14.53,higiene
2020-11-02,2020,11,2,eating_out,0.5,
2020-11-03,2020,11,3,eating_out,0.5,
2020-11-03,2020,11,3,fuel,30.0,
2020-11-04,2020,11,4,travel,10.0,
2020-11-04,2020,11,4,other,9.15,tab
2020-11-07,2020,11,7,outings,1.9,
2020-11-07,2020,11,7,other,31.0,inspecção
2020-11-08,2020,11,8,outings,1.9,
2020-11-09,2020,11,9,travel,16.0,
2020-11-10,2020,11,10,eating_out,0.25,
2020-11-11,2020,11,11,eating_out,0.25,
2020-11-12,2020,11,12,eating_out,0.5,
2020-11-13,2020,11,13,eating_out,0.5,
2020-11-15,2020,11,15,grocery,9.0,
2020-11-16,2020,11,16,grocery,11.45,
2020-11-16,2020,11,16,eating_out,0.5,
2020-11-17,2020,11,17,eating_out,0.5,
2020-11-18,2020,11,18,eating_out,0.5,
2020-11-18,2020,11,18,travel,3.2,
2020-11-18,2020,11,18,other,50.0,dent
2020-11-19,2020,11,19,eating_out,0.5,
2020-11-20,2020,11,20,eating_out,0.5,
2020-11-21,2020,11,21,grocery,4.13,
2020-11-21,2020,11,21,other,8.45,tab
2020-11-25,2020,11,25,travel,15.5,
2020-11-26,2020,11,26,outings,2.7,
2020-12-11,2020,12,11,outings,2.7,
2020-12-11,2020,12,11,other,12.7,peliculas+carregador
2020-12-12,2020,12,12,other,8.0,
2020-12-13,2020,12,13,travel,12.0,
2020-12-14,2020,12,14,grocery,17.84,
2020-12-14,2020,12,14,other,8.45,tab
2020-12-17,2020,12,17,other,52.4,compras natal
2020-12-18,2020,12,18,eating_out,2.7,
2020-12-21,2020,12,21,grocery,4.0,
2020-12-21,2020,12,21,other,45.0,psn plus
2020-12-22,2020,12,22,fuel,20.0,
2020-12-23,2020,12,23,eating_out,6.7,
2020-12-23,2020,12,23,travel,10.0,
2020-12-23,2020,12,23,outings,10.0,
2020-12-23,2020,12,23,other,50.0,dentista
2020-12-24,2020,12,24,other,45.0,psplus
2020-12-25,2020,12,25,outings,5.0,
2020-12-26,2020,12,26,outings,1.0,
2020-12-27,2020,12,27,outings,1.0,
2020-12-28,2020,12,28,outings,1.0,
2020-12-29,2020,12,29,eating_out,31.0,
2020-12-29,2020,12,29,outings,1.0,
2020-12-31,2020,12,31,eating_out,27.5,
2020-12-31,2020,12,31,outings,46.5,
2021-01-03,2021,1,3,eating_out,0.65,
2021-01-04,2021,1,4,outings,1.0,
2021-01-04,2021,1,4,other,20.0,eurom
2021-01-05,2021,1,5,outings,2.0,
2021-01-08,2021,1,8,fuel,30.0,
2021-01-08,2021,1,8,outings,6.0,
2021-01-09,2021,1,9,eating_out,5.0,
2021-01-10,2021,1,10,travel,11.4,
2021-01-11,2021,1,11,eating_out,0.65,
2021-01-12,2021,1,12,grocery,36.94,
2021-01-12,2021,1,12,eating_out,0.9,
2021-01-13,2021,1,13,grocery,9.67,
2021-01-14,2021,1,14,grocery,9.08,
2021-01-15,2021,1,15,eating_out,13.5,
2021-01-19,2021,1,19,grocery,0.9,
2021-01-20,2021,1,20,grocery,0.25,
2021-01-21,2021,1,21,travel,13.0,
2021-01-24,2021,1,24,travel,13.0,
2021-01-25,2021,1,25,grocery,0.9,
2021-01-26,2021,1,26,grocery,8.26,
2021-01-27,2021,1,27,grocery,5.0,
2021-01-27,2021,1,27,other,50.0,
2021-01-30,2021,1,30,eating_out,15.0,
2021-01-31,2021,1,31,other,1.7,
2021-02-01,2021,2,1,grocery,3.6,
2021-02-01,2021,2,1,other,40.0,varinha magica
2021-02-02,2021,2,2,other,15.0,fnac
2021-02-03,2021,2,3,grocery,35.62,
2021-02-08,2021,2,8,grocery,15.65,
2021-02-09,2021,2,9,fuel,20.0,
2021-02-10,2021,2,10,grocery,1.85,
2021-02-15,2021,2,15,grocery,7.6,
2021-02-15,2021,2,15,other,6.0,cabelo
2021-02-16,2021,2,16,other,72.0,sweats
2021-02-18,2021,2,18,grocery,48.6,
2021-02-19,2021,2,19,eating_out,10.0,
2021-02-24,2021,2,24,other,50.0,dentista
2021-02-25,2021,2,25,fuel,20.0,
2021-02-26,2021,2,26,travel,10.0,
2021-03-01,2021,3,1,grocery,3.0,
2021-03-01,2021,3,1,other,24.0,cabo iphone+biscoitos
2021-03-07,2021,3,7,fuel,15.0,
2021-03-07,2021,3,7,travel,10.0,
2021-03-09,2021,3,9,grocery,16.66,
2021-03-09,2021,3,9,fuel,30.0,
2021-03-12,2021,3,12,other,35.0,dentista
2021-03-13,2021,3,13,other,12.0,tampoes
2021-03-14,2021,3,14,other,36.0,branqueamento
2021-03-15,2021,3,15,other,26.0,prozis
2021-03-16,2021,3,16,grocery,6.2,
2021-03-16,2021,3,16,other,5.5,t plus 
2021-03-17,2021,3,17,grocery,34.0,
2021-03-18,2021,3,18,other,30.0,consulta uro
2021-03-20,2021,3,20,other,150.0,eco doppler
2021-03-21,2021,3,21,eating_out,11.0,
2021-03-22,2021,3,22,grocery,4.0,
2021-03-22,2021,3,22,other,5.0,lampada matricula
2021-03-27,2021,3,27,grocery,3.0,
2021-03-28,2021,3,28,eating_out,15.0,
2021-03-30,2021,3,30,grocery,0.9,
2021-03-31,2021,3,31,travel,11.0,
2021-04-05,2021,4,5,travel,11.0,
2021-04-05,2021,4,5,outings,4.0,
2021-04-06,2021,4,6,grocery,38.0,
2021-04-06,2021,4,6,other,3.0,eurom
2021-04-08,2021,4,8,other,26.0,cremes
2021-04-09,2021,4,9,eating_out,12.5,
2021-04-09,2021,4,9,other,27.0,branq
2021-04-10,2021,4,10,grocery,8.0,
2021-04-14,2021,4,14,grocery,29.4,
2021-04-15,2021,4,15,other,6.0,eurom +pituxa
2021-04-16,2021,4,16,eating_out,10.5,
2021-04-16,2021,4,16,outings,3.0,
2021-04-16,2021,4,16,other,5.5,pizza+finos+t
2021-04-19,2021,4,19,eating_out,0.9,
2021-04-20,2021,4,20,eating_out,0.9,
2021-04-21,2021,4,21,eating_out,0.9,
2021-04-21,2021,4,21,other,19.0,calções
2021-04-22,2021,4,22,eating_out,0.9,
2021-04-22,2021,4,22,other,2.0,guardanapos
2021-04-23,2021,4,23,eating_out,12.15,
2021-04-23,2021,4,23,fuel,30.0,
2021-04-23,2021,4,23,travel,10.0,
2021-04-23,2021,4,23,outings,6.0,
2021-04-25,2021,4,25,eating_out,30.0,
2021-04-25,2021,4,25,outings,30.0,
2021-04-27,2021,4,27,outings,2.0,
2021-04-29,2021,4,29,eating_out,33.0,
2021-04-29,2021,4,29,outings,2.3,
2021-04-29,2021,4,29,other,458.0,bike+cabelo+praxis
2021-05-02,2021,5,2,fuel,50.0,
2021-05-03,2021,5,3,grocery,24.87,
2021-05-04,2021,5,4,other,103.0,sapatilhas
2021-05-05,2021,5,5,other,30.0,consulta
2021-05-07,2021,5,7,eating_out,10.8,
2021-05-09,2021,5,9,grocery,35.24,
2021-05-10,2021,5,10,eating_out,11.35,
2021-05-12,2021,5,12,eating_out,11.0,
2021-05-13,2021,5,13,other,38.0,prozis+ebay
2021-05-14,2021,5,14,eating_out,20.0,
2021-05-15,2021,5,15,eating_out,25.0,
2021-05-15,2021,5,15,travel,5.0,
2021-05-16,2021,5,16,fuel,15.0,
2021-05-16,2021,5,16,travel,16.2,
2021-05-17,2021,5,17,eating_out,12.5,
2021-05-17,2021,5,17,outings,3.0,
2021-05-18,2021,5,18,other,66.0,equip bike
2021-05-21,2021,5,21,travel,10.0,
2021-05-21,2021,5,21,outings,6.0,
2021-05-23,2021,5,23,eating_out,8.0,
2021-05-23,2021,5,23,outings,10.0,
2021-05-24,2021,5,24,other,2.4,pisc
2021-05-25,2021,5,25,outings,2.0,
2021-05-26,2021,5,26,outings,2.0,
2021-05-27,2021,5,27,other,3.0,carr lavar e praia
2021-05-28,2021,5,28,eating_out,4.0,
2021-05-28,2021,5,28,fuel,40.0,
2021-05-28,2021,5,28,outings,11.0,
2021-05-28,2021,5,28,other,6.0,tenis cris e cartaxo
2021-05-29,2021,5,29,eating_out,25.0,
2021-05-29,2021,5,29,outings,25.0,
2021-05-30,2021,5,30,travel,10.0,
2021-05-30,2021,5,30,outings,1.0,
2021-05-31,2021,5,31,grocery,8.27,
2021-05-31,2021,5,31,eating_out,0.7,
2021-06-01,2021,6,1,other,4.0,eurom
2021-06-03,2021,6,3,eating_out,2.5,
2021-06-03,2021,6,3,outings,4.0,
2021-06-04,2021,6,4,grocery,18.0,
2021-06-04,2021,6,4,eating_out,8.5,
2021-06-05,2021,6,5,eating_out,6.0,
2021-06-05,2021,6,5,outings,10.0,
2021-06-06,2021,6,6,fuel,40.0,
2021-06-08,2021,6,8,eating_out,1.2,
2021-06-09,2021,6,9,travel,13.5,
2021-06-10,2021,6,10,fuel,20.0,
2021-06-10,2021,6,10,outings,5.0,
2021-06-11,2021,6,11,eating_out,22.0,
2021-06-11,2021,6,11,outings,25.0,
2021-06-12,2021,6,12,eating_out,35.0,
2021-06-12,2021,6,12,outings,20.0,
2021-06-13,2021,6,13,fuel,10.0,
2021-06-13,2021,6,13,travel,13.5,
2021-06-13,2021,6,13,outings,3.0,
2021-06-14,2021,6,14,grocery,4.0,
2021-06-15,2021,6,15,eating_out,9.0,
2021-06-15,2021,6,15,outings,7.0,
2021-06-16,2021,6,16,other,31.0,derma + shampoo
2021-06-18,2021,6,18,travel,10.0,
2021-06-18,2021,6,18,outings,5.0,
2021-06-19,2021,6,19,eating_out,9.0,
2021-06-19,2021,6,19,outings,6.0,
2021-06-22,2021,6,22,eating_out,3.0,
2021-06-22,2021,6,22,fuel,20.0,
2021-06-22,2021,6,22,other,52.5,calças+ebay
2021-06-23,2021,6,23,eating_out,2.5,
2021-06-23,2021,6,23,outings,20.0,
2021-06-23,2021,6,23,other,8.0,jogo piolho+cabelo
2021-06-24,2021,6,24,eating_out,5.0,
2021-06-24,2021,6,24,outings,2.0,
2021-06-27,2021,6,27,fuel,40.0,
2021-06-27,2021,6,27,travel,10.0,
2021-06-28,2021,6,28,grocery,49.0,
2021-06-29,2021,6,29,grocery,4.5,
2021-06-30,2021,6,30,eating_out,23.0,
2021-07-02,2021,7,2,other,24.5,jogo sea of thieves
2021-07-05,2021,7,5,grocery,17.5,
2021-07-08,2021,7,8,eating_out,15.0,
2021-07-10,2021,7,10,fuel,40.0,
2021-07-11,2021,7,11,grocery,4.5,
2021-07-13,2021,7,13,eating_out,0.9,
2021-07-13,2021,7,13,travel,10.0,
2021-07-16,2021,7,16,fuel,20.0,
2021-07-16,2021,7,16,outings,4.0,
2021-07-17,2021,7,17,outings,2.7,
2021-07-18,2021,7,18,grocery,20.0,
2021-07-18,2021,7,18,fuel,40.0,
2021-07-18,2021,7,18,outings,1.7,
2021-07-20,2021,7,20,travel,10.0,
2021-07-21,2021,7,21,grocery,35.0,
2021-07-22,2021,7,22,grocery,1.87,
2021-07-23,2021,7,23,eating_out,1.0,
2021-07-24,2021,7,24,grocery,9.5,
2021-07-25,2021,7,25,eating_out,24.0,
2021-07-31,2021,7,31,eating_out,8.0,
2021-08-02,2021,8,2,other,6.0,eurom
2021-08-05,2021,8,5,eating_out,30.0,
2021-08-06,2021,8,6,travel,10.4,
2021-08-07,2021,8,7,other,100.0,casamento
2021-08-08,2021,8,8,eating_out,3.2,
2021-08-09,2021,8,9,eating_out,1.6,
2021-08-09,2021,8,9,fuel,10.0,
2021-08-09,2021,8,9,other,77.6,amazon
2021-08-10,2021,8,10,fuel,50.0,
2021-08-11,2021,8,11,outings,7.0,
2021-08-12,2021,8,12,eating_out,33.0,
2021-08-12,2021,8,12,outings,10.0,
2021-08-13,2021,8,13,outings,15.0,
2021-08-14,2021,8,14,eating_out,13.0,
2021-08-14,2021,8,14,outings,2.0,
2021-08-15,2021,8,15,eating_out,1.6,
2021-08-15,2021,8,15,outings,3.0,
2021-08-16,2021,8,16,eating_out,1.6,
2021-08-16,2021,8,16,outings,5.0,
2021-08-17,2021,8,17,outings,4.0,
2021-08-17,2021,8,17,other,50.0,
2021-08-18,2021,8,18,eating_out,1.6,
2021-08-18,2021,8,18,outings,3.0,
2021-08-19,2021,8,19,eating_out,4.3,
2021-08-19,2021,8,19,fuel,10.0,
2021-08-19,2021,8,19,outings,2.6,
2021-08-20,2021,8,20,eating_out,13.0,
2021-08-20,2021,8,20,outings,15.0,
2021-08-21,2021,8,21,eating_out,1.6,
2021-08-21,2021,8,21,outings,10.0,
2021-08-22,2021,8,22,fuel,50.0,
2021-08-22,2021,8,22,travel,10.0,
2021-08-23,2021,8,23,grocery,35.0,
2021-08-23,2021,8,23,eating_out,16.0,
2021-08-24,2021,8,24,other,7.76,eurom
2021-08-26,2021,8,26,grocery,5.57,
2021-08-26,2021,8,26,eating_out,13.0,
2021-08-28,2021,8,28,fuel,20.0,
2021-08-28,2021,8,28,travel,6.7,
2021-08-28,2021,8,28,other,31.0,zoo
2021-08-30,2021,8,30,other,17.5,ouvido
2021-08-31,2021,8,31,eating_out,14.0,
2021-09-02,2021,9,2,grocery,20.0,
2021-09-03,2021,9,3,grocery,1.8,
2021-09-05,2021,9,5,grocery,7.5,
2021-09-07,2021,9,7,grocery,9.5,
2021-09-08,2021,9,8,grocery,4.0,
2021-09-08,2021,9,8,other,1.8,
2021-09-10,2021,9,10,travel,13.75,
2021-09-10,2021,9,10,outings,2.0,
2021-09-11,2021,9,11,eating_out,20.0,
2021-09-11,2021,9,11,outings,22.0,
2021-09-12,2021,9,12,eating_out,1.4,
2021-09-12,2021,9,12,travel,13.5,
2021-09-13,2021,9,13,grocery,25.0,
2021-09-13,2021,9,13,other,20.0,ebay e amazon
2021-09-14,2021,9,14,eating_out,11.0,
2021-09-15,2021,9,15,other,5.11,amazon
2021-09-17,2021,9,17,eating_out,10.0,
2021-09-18,2021,9,18,outings,14.25,
2021-09-19,2021,9,19,grocery,8.0,
2021-09-19,2021,9,19,fuel,20.0,
2021-09-19,2021,9,19,other,7.5,grelha e tupp
2021-09-20,2021,9,20,grocery,8.2,
2021-09-23,2021,9,23,eating_out,25.0,
2021-09-24,2021,9,24,eating_out,11.0,
2021-09-24,2021,9,24,travel,12.75,
2021-09-24,2021,9,24,outings,13.0,
2021-09-25,2021,9,25,eating_out,4.0,
2021-09-26,2021,9,26,travel,13.5,
2021-09-26,2021,9,26,outings,5.0,
2021-09-28,2021,9,28,grocery,33.4,
2021-09-29,2021,9,29,other,8.0,cadeADO
2021-10-03,2021,10,3,eating_out,5.0,
2021-10-03,2021,10,3,fuel,40.0,
2021-10-03,2021,10,3,outings,3.3,
2021-10-03,2021,10,3,other,8.0,
2021-10-08,2021,10,8,eating_out,17.33,
2021-10-08,2021,10,8,travel,13.5,
2021-10-08,2021,10,8,outings,58.0,
2021-10-09,2021,10,9,eating_out,10.8,
2021-10-09,2021,10,9,outings,6.0,
2021-10-09,2021,10,9,other,13.0,
2021-10-16,2021,10,16,grocery,33.11,
2021-10-19,2021,10,19,eating_out,8.0,
2021-10-22,2021,10,22,travel,12.75,
2021-10-22,2021,10,22,outings,5.0,
2021-10-22,2021,10,22,other,3.0,
2021-10-23,2021,10,23,outings,5.0,
2021-10-24,2021,10,24,eating_out,2.4,
2021-10-24,2021,10,24,travel,13.5,
2021-10-25,2021,10,25,other,72.0,cachecol+perfurme
2021-10-27,2021,10,27,travel,11.4,
2021-10-29,2021,10,29,other,65.0,passporte
2021-10-30,2021,10,30,fuel,40.0,
2021-10-31,2021,10,31,eating_out,20.0,
2021-10-31,2021,10,31,outings,25.0,
2021-11-01,2021,11,1,travel,11.4,
2021-11-02,2021,11,2,grocery,19.88,
2021-11-03,2021,11,3,other,133.81,bilhetes aviao
2021-11-04,2021,11,4,other,41.5,ferr engomar + televen + tapete
2021-11-05,2021,11,5,eating_out,34.7,
2021-11-06,2021,11,6,fuel,40.0,
2021-11-06,2021,11,6,travel,13.0,
2021-11-07,2021,11,7,eating_out,5.1,
2021-11-10,2021,11,10,other,79.0,mochila viagem
2021-11-11,2021,11,11,grocery,10.0,
2021-11-11,2021,11,11,other,4.0,
2021-11-12,2021,11,12,eating_out,13.3,
2021-11-12,2021,11,12,travel,13.75,
2021-11-12,2021,11,12,outings,27.0,
2021-11-14,2021,11,14,travel,13.5,
2021-11-15,2021,11,15,grocery,16.49,
2021-11-19,2021,11,19,eating_out,20.0,
2021-11-20,2021,11,20,outings,2.4,
2021-11-22,2021,11,22,grocery,8.57,
2021-11-24,2021,11,24,grocery,8.9,
2021-11-24,2021,11,24,fuel,40.0,
2021-11-24,2021,11,24,other,1.0,
2021-11-26,2021,11,26,fuel,10.0,
2021-11-27,2021,11,27,outings,2.7,
2021-11-28,2021,11,28,outings,4.7,
2021-11-29,2021,11,29,other,100.0,pintura carro
2021-11-30,2021,11,30,other,7.0,cabelo
2021-12-01,2021,12,1,fuel,40.0,
2021-12-01,2021,12,1,travel,10.0,
2021-12-02,2021,12,2,grocery,2.0,
2021-12-03,2021,12,3,eating_out,116.0,
2021-12-06,2021,12,6,grocery,44.0,
2021-12-06,2021,12,6,other,17.0,gorro
2021-12-07,2021,12,7,other,18.0,prendas primark
2021-12-08,2021,12,8,other,37.0,prendas amazon
2021-12-10,2021,12,10,eating_out,12.7,
2021-12-10,2021,12,10,outings,5.0,
2021-12-10,2021,12,10,other,5.0,
2021-12-11,2021,12,11,eating_out,13.2,
2021-12-11,2021,12,11,other,41.0,decathlon
2021-12-13,2021,12,13,other,4.0,eurom
2021-12-14,2021,12,14,grocery,3.9,
2021-12-14,2021,12,14,eating_out,5.65,
2021-12-14,2021,12,14,other,17.16,livita e farmacia
2021-12-17,2021,12,17,eating_out,2.0,
2021-12-18,2021,12,18,grocery,5.08,
2021-12-19,2021,12,19,other,4.0,eurom
2021-12-20,2021,12,20,other,27.5,tac
2021-12-21,2021,12,21,fuel,40.0,
2021-12-22,2021,12,22,other,27.5,tac
2021-12-23,2021,12,23,eating_out,4.55,
2021-12-23,2021,12,23,travel,10.0,
2021-12-24,2021,12,24,outings,2.0,
2021-12-24,2021,12,24,other,5.0,raspadinha
2021-12-28,2021,12,28,eating_out,7.1,
2021-12-29,2021,12,29,eating_out,17.0,
2021-12-29,2021,12,29,other,81.0,cadeira
2021-12-31,2021,12,31,outings,42.0,
2021-12-31,2021,12,31,other,4.0,
